project_name,file_name,processing_timestamp,id,category,summary,confidence_score,date_identified,context,solution,owner,due_date
PayDate Project,RAID_sample.txt,2024-12-18T21:34:53.585139,R-20241218213421,R,"There is uncertainty regarding the suitability of the current project for the upcoming hackathon, which could impact the team's decision to proceed.",0.075,2024-12-18T21:34:21.683138,"""However, it is possible that what we are doing may not fit this hackathon best. If that is the case, we can simply walk away and decide not to proceed.""",,,
PayDate Project,RAID_sample.txt,2024-12-18T21:34:53.585139,A-20241218213421,A,"The team assumes that they can utilize the Nvidia AI Workbench effectively for their project, despite not having explored it in depth yet.",0.135,2024-12-18T21:34:21.685133,"""I wanted to address this first because I will admit that, many times during hackathons, we come up with a concept that we believe will fit and work well.""",,,
PayDate Project,RAID_sample.txt,2024-12-18T21:34:53.585139,I-20241218213421,I,"The team faced unresolved issues during the last hackathon with the Navicare project, which may affect their confidence in moving forward with the current project.",0.3,2024-12-18T21:34:21.686132,"""I recall that during the last hackathon, we encountered an issue that we could not resolve, specifically with the Navicare project.""",,,
PayDate Project,RAID_sample.txt,2024-12-18T21:34:53.585139,D-20241218213421,D,The team has decided to evaluate the Nvidia AI Workbench and share individual concepts in the next meeting to determine the project's viability.,0.3,2024-12-18T21:34:21.687138,"""During our next meeting, we can reconvene to make a decision on whether we believe the project will be successful and if we want to collectively move forward.""",Evaluate the Nvidia AI Workbench and share concepts.,Team members,
PayDate Project,RAID_sample.txt,2024-12-18T21:34:53.585139,R-20241218213421,R,There is a risk that the team may not have enough time to complete the project effectively before the hackathon deadline.,0.175,2024-12-18T21:34:21.688132,"""While this is a significant amount of time, we do not need to take the entire duration to complete the project.""",Establish a timeline and create a schedule.,,
PayDate Project,RAID_sample.txt,2024-12-18T21:34:53.585139,I-20241218213421,I,"The team is currently facing challenges in understanding the technology they are using, which could hinder their project development.",0.075,2024-12-18T21:34:21.689702,"""We are utilizing our current knowledge, but there are many aspects we do not have the opportunity to learnâ€”specifically, to truly understand the technology we are using.""",Engage in a learning process regarding the technology.,Team members,
PayDate Project,RAID_sample.txt,2024-12-18T21:34:53.585139,I-20241218213431,I,"The team faced numerous issues while using Flow, which led to scaling back the app's functionality and not fully addressing all use cases or features.",0.075,2024-12-18T21:34:31.313865,"""Although we did publish the app, we had to scale back some of its functionality due to numerous issues we faced while using Flow.""",,,
PayDate Project,RAID_sample.txt,2024-12-18T21:34:53.585139,R-20241218213431,R,"There is uncertainty regarding whether the current team has the necessary skills to achieve project goals, which could impact the project's progress.",0.06,2024-12-18T21:34:31.314865,"""Do we have the necessary team members to achieve our goals, or are we still lacking certain skills?""",,,
PayDate Project,RAID_sample.txt,2024-12-18T21:34:53.585139,I-20241218213431,I,"The team anticipates challenges with front-end compatibility and integration, which could hinder progress if not addressed.",0.06,2024-12-18T21:34:31.315865,"""Reflecting on our previous experience, I believe that most of our challenges stemmed from front-end compatibility.""",,,
PayDate Project,RAID_sample.txt,2024-12-18T21:34:53.585139,R-20241218213431,R,"There are concerns about the limitations of the Streamlit platform, which may not provide all necessary functionalities for the project.",0.06,2024-12-18T21:34:31.316864,"""I believe that Streamlist may not offer all the necessary functionalities.""",,,
PayDate Project,RAID_sample.txt,2024-12-18T21:34:53.585139,D-20241218213431,D,The team decided to limit the number of applications for screening to a maximum of 90 to focus on back-end development and interface design.,0.09000000000000001,2024-12-18T21:34:31.317864,"""We should limit ourselves to a maximum of 90 applications for screening.""",Focus on back-end and ensure a simple interface design.,We,
PayDate Project,RAID_sample.txt,2024-12-18T21:34:53.585139,R-20241218213431,R,"The team is concerned about the integration of APIs and the time constraints they face, which could affect the project's success.",0.075,2024-12-18T21:34:31.318865,"""The problem is that most of the families using APIs for the backend provide more flexibility compared to the cost.""",,,
PayDate Project,RAID_sample.txt,2024-12-18T21:34:53.585139,D-20241218213431,D,The team agreed to explore the possibility of deploying APIs to Vercel or GitHub to facilitate integration with the project.,0.06,2024-12-18T21:34:31.319864,"""I was considering whether we should upload the APIs to Vercel or GitHub.""",Explore deployment options for APIs.,,
PayDate Project,RAID_sample.txt,2024-12-18T21:34:53.585139,A-20241218213431,A,The team assumes that they can continue improving the project and meet the hackathon criteria with their current resources.,0.075,2024-12-18T21:34:31.321877,"""There are ways for us to continue improving this project. We just need to ensure that we meet the criteria for the hackathon with what we currently have.""",,,
PayDate Project,RAID_sample.txt,2024-12-18T21:34:53.585139,D-20241218213438,D,The team will document findings and share concepts for project evaluation.,0.18,2024-12-18T21:34:38.457164,"""Additionally, let's document our findings. If she mentioned a document where we can annotate issues and propose resolutions, I will share both concepts across the board.""",Document findings and share concepts for evaluation.,,
PayDate Project,RAID_sample.txt,2024-12-18T21:34:53.585139,R-20241218213438,R,There is a potential need to find additional resources for the project.,0.06,2024-12-18T21:34:38.458156,"""Additionally, we can assess during our meeting next week whether we need to find another resource.""",Reach out to networks for assistance.,,
PayDate Project,RAID_sample.txt,2024-12-18T21:34:53.585139,I-20241218213438,I,Uncertainty regarding Dell's involvement in the hackathon.,0.06,2024-12-18T21:34:38.459165,"""Regarding Dell and Nvidia, I am unsure of Dell's involvement.""",,,
PayDate Project,RAID_sample.txt,2024-12-18T21:34:53.585139,A-20241218213438,A,Assumption that there is no limit on the number of team members for the hackathon.,0.135,2024-12-18T21:34:38.459165,"""When I read their rules, they did not mention a limit on the number of members. I believe there is no limit, but I will confirm this.""",Confirm the team member limit.,,
PayDate Project,RAID_sample.txt,2024-12-18T21:34:53.585139,D-20241218213438,D,A separate channel will be created to consolidate information discussed in the meeting.,0.12,2024-12-18T21:34:38.460156,"""That channel will be made into a separate channel, and I will add everyone to it.""",Create a separate channel for information sharing.,,
PayDate Project,RAID_sample.txt,2024-12-18T21:34:53.585139,D-20241218213438,D,A meeting will be scheduled for next week to determine the next steps for the project.,0.075,2024-12-18T21:34:38.461167,"""I will schedule a meeting for next week and determine the best day for it.""",Schedule a follow-up meeting.,,
